filename,length,chroma_stft_mean,chroma_stft_var,rms_mean,rms_var,spectral_centroid_mean,spectral_centroid_var,spectral_bandwidth_mean,spectral_bandwidth_var,rolloff_mean,rolloff_var,zero_crossing_rate_mean,zero_crossing_rate_var,harmony_mean,harmony_var,perceptr_mean,perceptr_var,tempo,mfcc1_mean,mfcc1_var,mfcc2_mean,mfcc2_var,mfcc3_mean,mfcc3_var,mfcc4_mean,mfcc4_var,mfcc5_mean,mfcc5_var,mfcc6_mean,mfcc6_var,mfcc7_mean,mfcc7_var,mfcc8_mean,mfcc8_var,mfcc9_mean,mfcc9_var,mfcc10_mean,mfcc10_var,mfcc11_mean,mfcc11_var,mfcc12_mean,mfcc12_var,mfcc13_mean,mfcc13_var,mfcc14_mean,mfcc14_var,mfcc15_mean,mfcc15_var,mfcc16_mean,mfcc16_var,mfcc17_mean,mfcc17_var,mfcc18_mean,mfcc18_var,mfcc19_mean,mfcc19_var,mfcc20_mean,mfcc20_var,label
blues.000000.wav,30000.0,0.40128177,0.08696618,0.13364454,0.009269587,2285.4662150687736,1526304.1354550784,2458.8560039900435,481152.22717801103,4870.778880399816,6394702.80085523,0.09649299172794118,0.007008399224806692,-6.5258637e-06,0.00954889,-7.233065e-05,0.010331061,117.45383522727273,-187.84032,9657.655,93.3725,2134.1025,24.465252,1652.1831,14.434834,606.2288,-8.100573,583.23926,10.711684,429.70984,-9.838352,186.14888,3.458174,191.73784,-9.310526,99.37443,3.364726,95.83361,-6.1396456,67.48193,7.5923457,60.067482,-7.2698636,64.40694,1.9819816,55.370216,-5.3863792,64.10857,1.432013,73.30818,-5.018557,75.41131,3.8099377,43.845936,-8.759356,43.631207,-4.0403647,59.195137,blues
blues.000001.wav,30000.0,0.32606345,0.10275622,0.14831777,0.0311663,1207.054377257243,645947.1489127064,1481.5553882167637,709502.3987258426,2429.4936425176566,4693440.229410362,0.04650538772252322,0.0008401788955329929,6.94207e-06,0.033565324,-7.090115e-05,0.010471052,107.666015625,-273.54,12243.957,112.07709,2293.2087,23.115595,1738.5697,5.317363,537.92303,3.9245813,392.0652,1.9229816,524.9896,-12.091301,226.80556,-2.5759418,346.20023,-12.006343,182.10822,-5.720114,192.05357,-6.824872,84.75988,-3.57741,109.962776,-7.501622,84.04202,-5.9130826,75.43704,-4.03238,46.742348,-2.1237032,69.39578,-3.5250225,42.324207,-1.8745283,42.235626,-7.966536,44.95359,-4.0286064,67.80044,blues
classical.00000.wav,30013.333333333332,0.25236058,0.08414862,0.036233008,0.00022101671,1505.3574604811183,44430.73282704199,1559.2288945546175,43765.37312313412,2717.238763866734,299014.0000693897,0.0982227015661253,0.00043139377691147647,-4.712645e-05,0.0012296923,-0.00012159841,6.028911e-05,95.703125,-268.21857,1791.9358,135.68166,188.90141,-34.056377,231.39032,25.616007,169.41429,-12.971723,71.249275,17.903263,74.56209,-9.99086,114.86929,5.634088,65.84176,-14.143673,75.42844,7.4931846,177.21745,-3.9764395,106.70967,8.258308,80.11543,-1.3336009,154.7423,-0.35799506,188.39491,1.0361007,171.72484,3.7968225,86.13082,-0.3184708,100.83574,1.7730546,95.49381,0.88872135,97.09972,-0.83507764,120.92082,classical
country.00000.wav,30081.632653061224,0.38392973,0.08118459,0.24829563,0.00071590074,2798.0656266251635,354624.9722119046,2847.5411814192466,105655.13674872695,6221.38434516059,1796448.6324813587,0.1072048611111111,0.0017496748470965727,-0.00012681892,0.048861574,-0.0012213982,0.0048085777,86.1328125,-23.104954,1016.55884,70.25588,339.2418,3.8055308,235.70625,28.323957,135.39638,13.754286,111.020065,5.728135,107.3091,3.9737794,85.775215,7.4728084,63.285915,2.6279068,61.158566,8.490234,72.16535,-2.3202078,73.24599,2.0890799,41.87508,-3.3720124,62.59061,5.1379585,50.668854,-0.18774131,51.865627,0.37143642,68.5946,0.6120877,54.308323,4.062127,74.348236,0.9079194,68.54761,4.093193,73.602806,country
disco.000000.wav,30000.0,0.3838891,0.101591475,0.12732574,0.008410825,2739.188163335513,1498203.2703730161,2460.869988767054,333219.4647057401,5440.800433557469,4858628.559231305,0.14148894035410217,0.01133399468572772,1.38130545e-05,0.007065262,-2.8683144e-05,0.013298006,123.046875,-138.82645,6477.4014,70.0238,2141.4365,-14.595283,658.0895,7.3779154,362.3711,-1.6818929,194.04169,4.2428293,282.95215,-5.388824,223.21487,13.68409,117.02243,-13.016783,157.84984,7.167695,128.81976,0.13357317,89.67365,0.008493713,145.23965,-5.2643123,90.141014,4.4993386,72.96135,-3.4105594,61.41859,5.062761,63.21444,-10.986168,89.65824,-2.868585,70.230286,-13.567414,63.09251,-2.138512,76.132126,disco
hiphop.000001.wav,30000.0,0.6022643,0.06366452,0.4118075,0.023176823,2361.9605458303868,1575051.1777847565,2719.275681382135,509745.995957508,5390.4174048834175,6822524.2447313275,0.05670109326625387,0.0019148846871636072,5.3291118e-05,0.14297436,-1.3199559e-06,0.028532514,161.4990234375,-108.67371,7372.829,77.00504,1816.6865,48.668804,1139.6664,40.785084,388.9799,11.684732,264.6289,25.597143,259.63974,5.646718,154.84282,21.799038,141.02655,-1.6837204,141.6153,17.727163,103.32314,-3.9549336,91.53873,14.081953,60.82001,-0.972601,46.242912,10.707451,54.331215,-4.357989,52.906708,6.110301,40.37039,-1.2424191,47.52069,4.1320987,41.079433,1.6167864,44.212307,11.247633,59.06865,hiphop
hiphop.000005.wav,30000.0,0.48654014,0.0878868,0.24448504,0.028917743,2001.743628773441,1402704.916348463,2277.0224980924504,785528.041573244,4431.6065360149,6775043.7064497005,0.05680199968556501,0.002376131206563193,-3.93744e-06,0.052353837,-9.146485e-05,0.022357464,107.666015625,-136.10701,13067.666,86.866325,1508.8547,19.428312,1142.0677,29.264065,421.90137,11.640769,294.09763,18.899979,222.93336,7.914503,140.56493,21.6075,180.22502,1.8076055,138.88551,11.06103,121.37678,-0.8352085,89.778,1.9610809,89.2518,-5.312798,93.49748,4.333181,112.92601,-5.677246,70.75276,-0.7691636,92.14234,-8.716112,64.486855,0.22116287,84.73981,-8.926707,64.70681,0.42643493,72.3124,hiphop
hiphop.000003.wav,30000.0,0.46247634,0.08105924,0.12319956,0.010949752,2721.9889804143,820753.6162391329,2780.1315063340976,201180.56251422255,6081.371560111504,2950617.9939115546,0.09519405778347523,0.0028194492923712825,1.8152406e-05,0.013930971,3.1353113e-05,0.0065934737,151.99908088235293,-141.70287,6803.0464,69.67584,1005.83997,9.645647,477.78958,27.958809,254.75249,11.342309,289.04724,15.580659,141.94862,2.5294023,182.98929,20.748985,167.19334,-5.2015104,93.8827,15.836231,58.859253,6.4245434,100.35534,11.4857645,80.25057,2.8199205,82.459724,12.553931,62.162273,-0.44192296,64.41274,7.7200427,42.080536,-5.491857,47.96436,2.8479989,78.96454,-1.391482,50.399776,2.1220253,69.57746,hiphop
hiphop.000002.wav,30000.0,0.4011968,0.09514625,0.15595938,0.013531773,1872.2646563524452,647275.8500330852,1992.00781750723,511775.043099711,3913.876333325271,3976724.360327182,0.08394242514028638,0.0019489662314388203,-4.0193586e-06,0.022710958,-3.8582248e-06,0.007166213,161.4990234375,-158.16617,9982.441,111.593315,1692.2856,-14.087227,1211.8988,8.7862425,694.664,-12.999628,543.5678,7.9800396,561.0501,-2.0616305,275.201,7.509099,224.20784,-1.0182492,196.38458,8.937465,163.24059,0.20295122,82.60347,3.4746857,100.42607,-0.7026232,80.09478,3.315482,94.578575,-2.8227527,60.061867,4.1451097,106.85218,-2.4142835,107.78292,3.5205317,90.48588,-2.341467,83.68601,6.674438,97.72814,hiphop
hiphop.000000.wav,30000.0,0.37765992,0.09279379,0.119306594,0.014146518,2532.6984218712155,740121.8534938617,2447.926829236659,242464.01178353495,5321.334489285024,2624147.733623824,0.10878505647736068,0.004074988533659627,-7.3926217e-06,0.015401099,-3.14435e-08,0.008278514,117.45383522727273,-160.90727,14384.037,70.089005,791.2325,-10.053613,1126.4951,11.703317,448.42667,-13.368657,444.36493,7.8472443,198.62746,-10.477376,204.19308,2.0591555,161.30235,-14.858944,147.36443,-5.4618196,183.40244,-4.838281,111.332214,1.6042655,137.44925,-5.720967,76.65997,2.7198067,91.18171,-3.0823224,79.35884,3.8687053,74.269615,-5.710377,69.07267,2.1164474,67.05245,-0.14864697,40.7823,5.440229,92.95243,hiphop
hiphop.000004.wav,30000.0,0.36709964,0.086512625,0.23732948,0.0099879755,1503.4469899525757,777827.6338726365,1984.1068736217212,534085.2552756459,3158.0975700827207,4636900.947141373,0.05370186726006192,0.001570892694597932,3.851455e-05,0.038357828,-2.4093002e-05,0.013297004,86.1328125,-119.21135,7071.5386,129.12297,1555.9624,10.2530985,476.69882,18.97461,280.81903,21.643908,255.70247,15.467538,179.98413,1.4242958,152.56468,10.47271,144.26442,-5.9822297,125.02482,5.871849,77.04071,-3.296107,87.269226,3.7886407,89.100174,4.1462517,104.36576,-0.4522742,140.44398,-5.788271,87.084,7.6611466,103.73342,-6.818866,85.73472,5.473437,92.97109,-6.489751,79.78451,4.6297417,72.92689,hiphop
hiphop.000006.wav,30000.0,0.4590161,0.109975636,0.20691702,0.025868682,1624.2367551489504,813409.1479920485,1988.2254261633962,396401.4802094384,3352.3880619013644,4372218.759186676,0.06569839335816563,0.0036188119944913764,1.63165e-05,0.0104896575,5.837456e-05,0.04820477,99.38401442307692,-169.76047,7078.8003,118.50866,1991.5532,-3.9026623,584.2769,13.169803,397.50916,1.8739308,479.2048,5.3917913,380.45956,-2.6486733,275.13525,0.63650787,234.31592,-13.457368,171.07326,1.9953475,163.9993,-0.63491803,236.97572,2.5504115,163.01537,-5.563767,130.9249,8.910547,148.74539,1.5588391,106.40098,1.1790687,87.74224,-2.210794,89.04246,-0.5690872,58.42965,-6.524541,70.87077,6.056697,63.38996,hiphop
hiphop.000007.wav,30000.0,0.4468123,0.09213889,0.22938372,0.020865895,2658.088579649408,837919.1774722193,2335.854983197182,248488.099848491,5192.3769357403735,2774355.825584434,0.14259588755321206,0.007548192944365699,2.4309968e-05,0.016447622,-2.9400313e-05,0.039863054,107.666015625,-62.16885,5994.083,70.88501,1275.7917,-33.127987,1325.4048,26.229462,669.2616,-5.7510285,338.39935,-2.5896742,397.34872,-12.368572,212.47867,0.8046911,218.74274,-7.152738,179.3268,-1.8842134,155.29208,-15.260812,119.60555,3.172776,145.27362,-14.239243,118.662735,3.2105525,126.02017,-9.665088,89.412415,0.28226435,89.774864,-7.0374436,69.76116,-0.8272192,62.895573,-6.9595866,64.92692,-1.0479151,62.719597,hiphop
jazz.00000.wav,30013.333333333332,0.34445786,0.08498813,0.046740487,0.0015428542,1503.9322999254405,554590.3474654895,1754.3003588891916,283569.5817742154,2799.366367278132,2685705.4587929985,0.07841653373936582,0.0024458517642570988,-0.00044514594,0.0018131806,-0.00050230627,0.0007540874,123.046875,-252.09982,12157.225,137.90314,1465.4672,-11.12893,731.8261,8.363254,119.988,0.7312537,117.53525,1.5888379,53.209347,-3.731885,56.283455,-4.1349125,38.266983,-5.4992824,43.680332,-2.6316204,37.643982,-3.5324266,43.067963,-3.1432617,59.09873,-1.8463441,43.779278,-0.9992475,41.175583,-2.57927,48.968216,-1.96011,50.278206,-1.5086894,41.0908,0.21448863,55.62529,-1.995491,50.00376,-3.354487,49.878914,jazz
metal.00000.wav,30000.18140589569,0.4877041,0.06745071,0.11605348,0.00030653345,3274.50233695886,268192.5587575601,2722.4884522973516,151273.66571768574,6408.00146824246,1687519.1282076729,0.18301936811194897,0.002186167414544937,0.0003943256,0.0069540846,0.0024365596,0.002323884,95.703125,-52.940304,348.85107,50.09013,196.94159,-11.491269,260.2043,46.324932,222.09177,6.5430007,116.34565,10.116378,81.851776,5.4855285,66.73695,8.844899,65.202774,5.929942,57.59235,6.625154,51.407864,-4.0330343,56.706837,9.778293,54.307533,-3.1172316,53.32109,3.653597,57.85395,-6.502194,49.80674,1.0854731,47.405632,-4.4821963,41.07208,4.7096744,36.599598,-2.755327,44.850826,0.49856457,37.1307,metal
pop.000011.wav,30000.0,0.30167466,0.09636087,0.16638829,0.0050582946,1926.0994627493276,523590.08016279794,2316.147526815126,225788.94753175534,4320.40720842202,2420092.7064169506,0.0669145613631966,0.0018409407223436106,-6.3868124e-06,0.026308257,5.3707085e-05,0.0023629584,184.5703125,-137.95752,5756.701,100.180405,635.57983,5.692703,493.61597,36.522923,294.8586,2.3687985,222.28687,18.094826,188.24385,-0.5796388,188.35718,3.2640169,100.76311,1.1798475,113.01865,-0.90561056,137.18597,-9.41284,65.641365,7.4776764,103.00157,-4.2467904,87.70732,0.94740695,160.70555,-10.471339,60.4409,-2.3562613,97.45393,-13.754632,63.04796,1.6825281,91.16305,-3.8024523,81.49541,-3.6674464,106.66344,pop
pop.000009.wav,30000.0,0.22358139,0.097997,0.106314115,0.009348124,1100.6473210957572,697360.0276684876,1362.8794122618408,649022.5433226161,1886.0052622508708,4391847.317984095,0.05981520897832817,0.0012522631379664913,1.0544992e-06,0.015414661,5.137359e-06,0.0017903064,63.02400914634146,-358.8812,26388.344,102.579445,3591.6443,41.938683,910.3427,13.111112,353.33685,-10.255906,187.08376,-3.6548758,107.03671,-0.8940044,136.25336,4.9977174,127.15511,-14.11108,136.40022,-14.182738,111.13921,-18.597277,56.726177,-12.733181,42.382492,1.7877122,240.48825,20.76958,385.31433,12.573754,404.6053,5.2945614,88.06395,-5.585897,45.990234,-14.29647,119.44796,-19.851934,115.554855,-3.9241028,109.38971,pop
pop.000024.wav,30000.0,0.41115454,0.08750794,0.2325224,0.030713176,1746.9021117041607,1042966.5028196605,1853.1541333786467,569292.2149107953,3562.370125501887,4535250.771405057,0.0837572410748839,0.004561177612580482,-4.3753967e-05,0.04420692,-8.40992e-05,0.024521934,95.703125,-113.26538,7816.6055,124.2659,2797.2488,-3.5634341,811.16797,12.567999,410.57996,-4.6922197,265.57596,8.999167,341.98868,0.87506896,191.3365,10.600981,272.02975,-1.2705837,160.96321,6.292129,92.377846,2.834963,142.61838,2.008806,65.91624,-1.3454064,74.32201,1.9364094,63.149544,-1.8528467,72.03686,6.1656017,103.38096,-8.531423,73.17342,-1.6955657,76.340355,-14.185639,64.83461,0.41983184,96.44577,pop
pop.000028.wav,30000.0,0.3976631,0.09278835,0.29184303,0.024755966,1769.8243379561604,673283.7969186057,2141.792877048333,252462.01810785584,3672.577792424536,2977359.225301108,0.07105663760158669,0.0034585501491085934,8.7443605e-06,0.058256105,-4.3838903e-05,0.020280896,83.35433467741936,-79.01241,7714.2354,115.77044,1307.3094,-2.8604672,645.2826,24.362123,436.8067,4.4350333,233.66624,5.5985465,323.90317,0.092531845,142.44354,5.586575,121.04783,-9.288904,78.83018,6.642454,71.531746,-6.421086,86.60229,3.7316706,64.89581,-4.884782,66.377525,6.7703285,73.37829,-3.8964968,76.09194,1.109885,58.94657,-10.667741,66.09363,3.8240385,51.525723,-6.2075076,58.086323,2.638902,54.017162,pop
pop.000000.wav,30000.0,0.27377042,0.09823459,0.08893671,0.0060127666,2092.9508004525474,1338015.031208488,2350.0654051055412,357577.5274401512,4270.932507588767,5873981.796664948,0.08771375532120743,0.007678921834747155,8.7672623e-07,0.010558483,7.734361e-06,0.0015758306,143.5546875,-268.93304,21456.697,95.68601,2194.9226,17.655642,689.37585,11.954209,362.4905,0.4891276,207.45007,4.432761,223.26514,-8.302426,260.05026,-7.0159483,174.0091,-10.041222,137.48483,-3.5316544,117.1764,-6.6118393,185.97282,2.7988594,85.75039,-4.6256185,76.55186,2.7756448,53.58258,-1.8765068,164.51349,4.4057565,91.74975,-6.564598,83.88364,-4.953248,62.271187,-9.973733,101.26306,-2.3750138,87.32483,pop
pop.000027.wav,30000.0,0.2694699,0.08685498,0.15495527,0.0046236184,1483.0080527819757,416521.14495876734,1471.4549007866165,470473.3315928368,2872.4659639246324,2401011.3124605836,0.07962347922310371,0.0012549318523958828,2.324793e-05,0.022567106,-1.4316663e-05,0.0019119834,103.359375,-164.3337,9763.19,148.26093,2498.869,-40.400627,1053.481,3.9381297,324.876,-10.9342165,251.84598,-17.515568,277.20874,-22.049438,120.69657,-10.177863,87.47756,-19.057018,149.34721,-3.487736,304.69104,-23.902012,96.23885,-5.734511,101.50759,-16.114553,90.33499,-12.458752,55.80563,-12.29709,66.4384,-11.418959,92.47408,-8.219863,99.556335,-4.5842576,78.06444,-9.226514,119.127815,3.2414827,108.48914,pop
pop.000019.wav,30000.0,0.37987888,0.09349616,0.17181547,0.027806627,2342.391387749614,1736365.4023188914,2436.2355809854794,703170.5316300897,5019.511314368469,8769316.967834411,0.10028586372871517,0.0061905697858074555,-1.5565478e-05,0.035220124,-1.4582155e-05,0.011000981,123.046875,-156.72618,22355.559,89.39221,1288.7749,23.641481,816.5051,11.471563,426.0157,-0.39196116,215.31424,10.002797,296.3249,1.6729388,244.54257,4.8324037,258.9495,-6.184203,154.06981,5.716544,169.2999,-5.581128,104.73989,2.8854365,114.21007,-9.040796,111.97305,1.1219653,134.1671,-8.692611,104.32042,1.076073,88.08835,-3.9904158,59.961266,2.995963,72.73829,-1.0315317,79.32458,10.342937,104.129776,pop
pop.000030.wav,30000.0,0.26046142,0.09334822,0.17886533,0.01319564,2082.66894960338,1811674.2250692712,1934.2682860818798,1153553.7747303622,4322.815527192579,8165461.565718496,0.09543215158184984,0.005629029269981904,4.2430515e-06,0.02182983,1.7533746e-06,0.012921581,172.265625,-146.03996,12617.0,104.64639,3944.91,2.051058,474.09308,-5.5751605,854.8451,-9.504674,254.04303,-1.9882835,250.89278,-11.11819,167.54851,-3.5157852,223.41777,-19.32625,142.55977,-1.9471177,202.76064,-9.701946,105.13796,-5.211858,91.52582,-8.318372,71.00922,-0.44370952,93.47418,-5.815618,68.32155,-1.2908432,103.94343,-3.338388,82.948044,4.7455134,99.22954,-8.826657,95.270836,0.8520538,82.17884,pop
pop.000031.wav,30000.0,0.3159867,0.09125954,0.078807585,0.002546916,2071.5942820697587,538480.5937104045,1948.1569037388645,418278.83802445716,4024.6423302051085,2721087.0873733712,0.09934180292182662,0.0021653013009345573,-1.1653557e-06,0.0049780114,1.4596655e-05,0.0019523138,129.19921875,-207.02634,14523.981,88.44055,829.1967,-45.98662,2391.3325,1.7309525,1058.5251,-13.445902,293.3415,0.64869297,458.1241,-9.772531,189.95665,8.657749,153.5948,-3.779874,95.89244,7.3492813,72.366936,-4.712719,90.67351,1.5962162,131.75644,0.8985943,80.319084,3.16176,63.63777,2.2643385,78.17636,6.1459727,84.67766,-6.854811,71.33158,4.9281545,58.0291,-4.993416,88.362206,-1.9420518,151.51749,pop
pop.000003.wav,30000.0,0.3073743,0.09935412,0.0836863,0.0016728749,2699.0967473619517,1283889.9462054407,2749.010359689344,195111.64084802536,5821.106467232246,4061304.123203468,0.1128893400493421,0.009490583827077168,-2.7161898e-06,0.005926975,-4.6554156e-05,0.0012602139,184.5703125,-187.34392,7070.57,75.217575,1131.9803,6.616145,499.42792,14.117444,370.5769,5.295276,203.48225,10.207521,190.90955,0.51076734,139.228,2.2894337,177.55075,-3.7078943,113.67105,1.5525304,95.79646,-14.528989,85.87827,3.577481,82.54412,-7.856303,63.19283,-1.1774467,56.147434,-10.546105,71.4366,2.0540986,105.105774,-10.12733,108.19488,1.6938726,133.58282,-12.039592,133.64278,-2.6801324,105.66603,pop
pop.000021.wav,30000.0,0.29718974,0.09122857,0.1957115,0.013210189,1956.4817331114625,1037810.0455607583,2030.3736502088314,605139.5896128765,4106.991832248936,4554617.495591264,0.09090572392608359,0.005017933178887696,-2.790454e-06,0.029341063,-2.5956688e-05,0.011025855,92.28515625,-118.25173,15669.681,108.37828,1916.5016,-5.0983644,521.2951,-1.4622965,583.40845,-9.299105,237.59196,11.164246,178.78209,-11.776905,166.24896,1.8149176,340.37292,-12.372318,141.58891,3.1433868,136.4864,-9.715541,119.028175,-2.939209,153.93213,-13.340427,93.17456,-2.296326,141.10027,-10.7295265,88.89343,-2.5953438,188.46548,-7.67899,142.51385,1.7825457,195.73923,-4.835228,81.59898,4.890114,107.03377,pop
pop.000002.wav,30000.0,0.31052202,0.09549661,0.1554687,0.007038313,1009.0709946643696,447780.3273605112,1666.528868541851,249598.6848374221,1890.8718994896478,2344657.1028839233,0.030293467613196595,0.0011866965208724174,-2.5683062e-06,0.025820563,1.1789153e-05,0.0013826906,92.28515625,-234.78406,6193.6655,123.94471,691.98627,21.889654,261.68814,48.916985,398.4751,19.773193,243.88773,18.698923,133.9746,6.259,129.8002,6.288516,132.40866,-0.7210649,65.061386,2.0457644,90.68882,-8.15562,76.561104,-3.1043339,42.23818,-9.465584,70.07368,-4.4590387,79.986084,-8.44168,43.09718,-8.037683,45.98475,-8.3023205,64.44742,-7.0960145,47.043137,-10.341812,59.239902,-5.494599,70.15536,pop
pop.000016.wav,30000.0,0.40792447,0.08848808,0.02783455,0.00022841072,1176.999490599437,559387.7103911517,1471.1053677509246,325636.17995144386,2237.419803961881,2584961.4175338414,0.053672766906927245,0.0029999927663377124,-1.3432515e-06,0.0005915559,-1.4387806e-06,0.00013059285,107.666015625,-356.59412,14931.762,172.01573,2298.914,-12.076368,266.48486,17.36791,722.61694,-0.434569,73.48553,5.469406,111.497,-2.0733144,68.19889,9.169665,45.06427,-6.121581,87.787575,2.9558804,61.562317,-5.7584276,50.894985,2.7360866,31.114025,1.660515,37.277237,2.7201648,21.439486,-0.43822104,37.542202,2.6477737,35.23536,-1.8504554,32.46689,-0.44934937,23.66152,-5.362649,29.14648,-2.828081,29.98518,pop
pop.000026.wav,30000.0,0.29438573,0.09831355,0.13876112,0.002553355,1378.074059040041,1225813.6088046774,1567.7275435491313,891262.4851297465,2754.825008616728,4980631.20119083,0.0546931688999613,0.003948919327608091,2.580213e-06,0.0152326785,-1.2811861e-06,0.0031784836,161.4990234375,-197.07721,9277.442,158.31209,3259.9875,-8.108686,1560.9021,17.405848,284.5454,14.941445,310.7532,1.5747554,226.72366,3.1273844,118.199936,-5.1170135,158.00545,-1.241419,146.17105,-2.7474952,102.728836,-8.283124,70.091896,-6.038011,81.90555,-6.88061,60.00768,-5.112721,68.215065,-11.5670595,49.76673,-6.713516,61.051327,-6.171777,94.4386,1.2876735,62.390747,-5.837021,104.30002,-2.1750057,64.33703,pop
pop.000005.wav,30000.0,0.30898976,0.09435208,0.21289228,0.013250041,1598.126972643442,710464.4879628116,1996.909290890056,372257.9604199682,3305.938342776461,3903458.135488759,0.0652875870743034,0.0021063714159995396,3.520556e-05,0.026482232,0.00017628213,0.019574141,99.38401442307692,-155.01938,11164.319,109.07539,1679.5596,12.245087,799.5463,24.256289,543.7427,8.351882,383.27527,20.875645,305.75345,-6.1103377,314.66977,6.3370204,171.48273,-8.951768,160.6104,6.783986,131.23178,-11.883761,146.45944,0.60979563,120.17421,-8.312976,115.95891,-1.3851529,96.747475,-8.3833685,102.8106,-2.7541544,96.60148,-11.858474,113.29518,3.295011,122.778275,-8.282381,117.76579,-1.4742657,173.47322,pop
pop.000015.wav,30000.0,0.3529408,0.08951148,0.22628468,0.0069661504,1162.8334727145566,606364.2974895126,1362.152254562408,620589.682786189,2359.5690653420083,3025181.2722303867,0.0484959274622678,0.001041139423413571,9.567629e-06,0.03720605,-3.1866919e-06,0.009930359,151.99908088235293,-145.26628,8910.989,170.90685,2812.1257,-1.9264724,867.13855,13.755919,728.7609,8.826626,388.39285,5.935473,272.17554,0.5011353,214.28146,2.2073374,157.23885,0.19611314,161.65434,5.00436,112.49874,-1.3241123,90.785706,4.3026357,82.245026,-1.1637853,69.88413,2.919539,90.1316,-0.6892033,73.086334,1.2465478,60.053085,-3.1025991,47.50903,1.876192,48.290485,-3.8465931,77.83683,-1.8137933,64.22481,pop
pop.000032.wav,30000.0,0.26042384,0.08823594,0.14511444,0.0054971734,1655.269558829466,891202.9016318753,1815.6128141825345,532561.4034217782,3209.797257461784,4344129.116187827,0.07372706741002322,0.002253450280244598,6.638179e-07,0.018660318,-9.388876e-06,0.0035966549,78.30255681818181,-165.25897,6981.069,128.50067,2292.133,-14.183509,824.40674,11.143334,583.0008,-0.5660866,264.43127,-9.13264,203.57977,-9.530738,156.85689,-0.54913425,140.21553,-16.710917,138.43541,-2.7891905,143.42949,-15.062472,126.31502,-7.5829835,99.85307,-15.203055,78.62104,-7.3038816,111.308174,-13.743123,80.547844,-1.7779503,82.99092,-10.328808,77.67045,-1.6821177,94.63216,-6.4933515,69.35325,-4.2015853,77.81995,pop
pop.000010.wav,30000.0,0.33912727,0.0999797,0.23305859,0.021616464,2453.6719976641193,1514900.6924675119,2415.1707007096156,548874.4891834947,5235.485008405089,6256526.137556039,0.10351486914667182,0.008043985248147891,-1.2018837e-05,0.041286685,0.0001441537,0.022507174,95.703125,-94.80547,10366.241,85.67109,1904.9133,-3.4100482,1139.1322,17.32677,508.38516,2.386722,306.4565,0.7705233,240.23488,-6.93793,200.2402,-2.4367146,170.20143,-12.310727,144.58115,5.41402,120.12279,-5.194275,86.97405,9.366843,89.211914,-4.4102755,178.9714,0.78446704,147.13527,-9.057413,110.941246,1.0140367,79.0397,-7.1378055,64.30304,2.176965,59.316456,-8.133188,77.82439,1.3432689,63.31094,pop
pop.000006.wav,30000.0,0.41424146,0.099686764,0.050064936,0.0013109007,1399.018645222348,803875.2723351644,1635.461961381318,501198.6048519666,2809.4496783088234,3591474.452781571,0.06217611684887771,0.0023359135099648826,-1.5542528e-05,0.0012032591,1.7281078e-05,0.0014843713,92.28515625,-301.28342,12558.834,125.546684,2422.933,-4.58423,1233.1626,27.217375,617.0414,5.5864854,280.89166,5.516326,431.88937,-0.962517,186.97426,-3.4350095,294.84912,-8.748947,107.35175,2.9290037,174.14374,-3.6254258,138.03677,-0.35467982,110.84968,-10.275476,84.037285,-5.135195,186.88336,-6.27738,70.02352,1.2184979,100.352196,-4.243624,86.385544,4.113421,63.25088,-0.5649527,80.93593,0.33899388,44.987797,pop
pop.000022.wav,30000.0,0.30950153,0.08694872,0.10931984,0.0017373086,1670.8121532829616,610493.3238042339,1834.2263171051181,431621.8919409161,3367.4463041795666,2504498.1039714147,0.08262421693595201,0.002501972247983852,9.185405e-07,0.009497625,2.1399665e-05,0.0014521789,143.5546875,-178.62082,4610.779,138.17342,1673.0757,-19.801474,960.24634,28.745462,589.44147,7.758686,267.77005,-0.5117346,311.58377,11.784223,199.78513,6.447857,149.74252,-6.306017,198.53983,10.395366,185.44637,-13.28557,79.040825,-0.520516,106.43066,-0.94467795,99.83341,-8.95505,90.01247,-0.8604102,89.1641,-0.27374947,100.92586,-12.267711,93.59563,2.505074,103.34375,-11.649502,157.78963,-5.5503697,137.49951,pop
pop.000007.wav,30000.0,0.41060266,0.1018433,0.26621276,0.024744403,1840.3063107270982,1118485.6457682007,2135.391914936937,536098.7996431268,3949.451118209414,5706256.348430091,0.062049133489744585,0.0019858432284978684,-5.811833e-06,0.03016563,-1.5020279e-05,0.04566871,107.666015625,-114.777016,14538.778,104.9115,1861.7769,8.226772,877.23846,16.743092,353.47687,-0.79722637,266.16553,15.846666,204.60864,2.9159594,196.53427,7.129379,170.27634,-0.9424797,210.05385,9.577219,168.37292,-3.182448,94.23146,4.8662734,105.6992,-2.9402733,158.70833,5.853202,80.3121,-4.1396146,105.068146,5.5603247,70.27838,0.541627,85.553085,6.097265,86.69654,-4.560478,101.0766,1.708848,104.06657,pop
pop.000018.wav,30000.0,0.32889295,0.093375556,0.17626734,0.020101527,1831.3652455312554,973653.5549962657,1914.4090126080534,734845.883145485,3665.4695020740614,5128684.998441081,0.08895977953270123,0.003420310961761281,4.366693e-05,0.028416235,4.10685e-05,0.012629442,123.046875,-143.6183,15997.435,109.18766,1784.8668,-10.197278,626.1652,-4.1052637,568.7532,1.1120653,201.95354,4.406613,227.3664,-10.113844,188.05722,-4.2648277,286.72232,-19.47849,168.0136,-0.27762455,147.73073,-4.569452,164.21783,-2.543644,120.92655,-13.024015,97.04392,-6.708109,109.65826,-10.032702,74.8024,-2.050803,104.11674,-10.664757,70.92485,0.42046645,80.701324,-8.635747,50.72978,-1.2549834,82.9215,pop
pop.000001.wav,30000.0,0.38203353,0.0916841,0.26902926,0.018620359,2237.5986195783507,607967.8884478258,2409.257533009283,228059.0636324084,4905.803668609714,2863129.955651705,0.09067518866099071,0.0038133652715803003,2.077632e-05,0.02235865,6.5644e-05,0.041237846,117.45383522727273,-72.24388,3236.0027,85.77672,945.8153,-11.014454,1415.9716,20.362326,407.44543,2.5739834,459.47137,20.53855,206.21338,-9.007521,226.10577,3.01107,165.53615,-3.099229,170.6055,12.470749,197.9218,-9.533584,86.48377,6.8483205,111.09745,-5.0733237,84.3912,2.160406,91.52413,-8.02518,76.183945,0.8058969,108.41865,-4.8917046,96.09511,7.09388,99.183556,0.8461052,158.0792,11.500873,184.20053,pop
pop.000004.wav,30000.0,0.34683576,0.08250329,0.17005908,0.009839563,2382.7312701840174,284946.50641759444,2169.399001086674,102141.7634455931,4662.5968059150055,905932.2813003022,0.13864542013351394,0.0025833195959876457,-1.444402e-05,0.02124754,6.350564e-05,0.008628321,99.38401442307692,-75.5168,3371.0264,80.20833,586.09174,-25.278456,489.08698,36.817337,163.58243,-12.136692,157.72433,13.859608,118.95999,-9.593138,98.34327,0.6549112,101.616325,-7.6823716,89.13178,2.3720067,94.77327,-6.6998997,70.42235,4.06303,63.29518,-6.6088915,67.95423,3.5070407,98.363365,-8.660567,59.798557,3.7426984,82.797615,-4.583395,95.39581,8.244189,95.86746,-1.8632697,88.449936,6.040917,84.740776,pop
pop.000033.wav,30000.0,0.43719798,0.095596,0.1911463,0.01695957,2278.6116435104655,727364.7941379859,2295.8477637482288,231550.84653081853,4725.338093193692,2842773.672391325,0.10334971519446594,0.004000536029025003,-1.5229958e-05,0.012913066,-2.6662643e-05,0.027814018,89.10290948275862,-107.778725,10410.59,85.77175,1148.2544,-13.465316,588.3203,34.572163,412.2544,5.639965,289.50763,14.087441,197.35425,-2.0071142,151.99304,6.5423956,129.4215,-0.48504373,91.9609,5.165846,104.16675,-2.8565829,87.31129,4.680969,88.35779,-10.893783,95.07368,0.8776823,95.78328,-11.180614,79.03302,5.9928412,89.40153,-4.8500857,61.54474,2.654016,65.209305,-5.0609994,70.38627,1.2928065,60.49387,pop
pop.000017.wav,30000.0,0.3940477,0.10032331,0.17187138,0.010273199,1538.6243075563013,691698.6181425696,2047.1141748405935,327795.0813420994,3234.4221085586782,3635302.294057493,0.053464151388351394,0.002183221619578394,-3.617709e-05,0.015045343,-0.00014453041,0.012877122,86.1328125,-163.33429,5825.734,119.69604,1103.8151,11.715149,359.32343,33.18621,202.92973,8.923884,109.02305,15.068838,233.53874,5.9035416,106.54835,4.6940966,112.324585,2.1635497,69.33205,12.493265,69.378845,-6.441343,91.963745,3.7283943,93.19692,-6.10778,63.085564,8.482187,84.54627,-7.6579113,80.48295,0.63089025,53.290787,-8.755087,83.930786,1.60046,58.616524,-6.866034,85.71664,4.386517,89.6461,pop
pop.000013.wav,30000.0,0.32789132,0.09473241,0.22174507,0.019131025,2095.771598936081,615462.8047325533,2162.0529118844875,410836.5518014401,4391.748443697998,3307247.3792536426,0.09328515020317338,0.004227236517584324,-2.8728548e-06,0.033516344,-8.996783e-05,0.018346207,117.45383522727273,-116.44587,20717.615,89.31082,1408.9209,-10.616136,1841.3132,11.0820875,484.80438,-12.598168,206.03928,7.7878766,207.99603,-7.7959137,260.968,10.253935,162.38579,-6.8619647,103.925156,4.202259,88.86664,-5.4451914,74.630936,1.8477664,67.52269,-5.8670716,92.675415,2.9977787,73.98546,-0.79560846,85.0006,3.3959885,41.46972,-4.8305383,94.78029,1.6101747,54.980698,-11.23948,114.578636,-0.08493403,54.092796,pop
pop.000023.wav,30000.0,0.4008577,0.09063598,0.2179924,0.013538646,1504.8862152726285,1052760.3743348583,1800.0476286387818,734185.3698742309,3100.0229212521767,5550702.817990947,0.05871355275251548,0.0022636702227031894,1.0760131e-05,0.043331534,-5.6388497e-05,0.008320116,99.38401442307692,-143.76918,11270.858,130.59744,2087.6982,23.524424,1016.55145,14.320225,396.71875,-8.54062,399.14285,-0.04800727,311.171,-7.6882625,157.17354,-0.63599086,290.90155,-14.84088,162.81209,-4.1723347,195.56284,-14.557553,101.92843,-8.193509,222.50336,-13.125873,99.18745,-5.444869,132.67044,-9.943026,100.75856,-3.01916,127.760765,-16.347668,128.44229,-2.1495872,105.729645,-9.948755,77.368805,1.3224525,81.62442,pop
pop.000025.wav,30000.0,0.36649746,0.08209066,0.17384045,0.0051257103,1513.6334965915407,360388.4847442814,1633.5582804311616,383170.52156391257,2909.090742459607,1774499.398166601,0.07185066152283281,0.0006445850879358139,1.2346517e-05,0.022910174,-3.688482e-05,0.0047284383,129.19921875,-105.543175,6291.0015,151.38528,1715.6144,-30.50553,684.0881,21.262121,246.0342,2.6914833,183.15826,3.9586816,188.48482,-6.496165,77.64849,6.594007,143.14485,-4.9918513,59.543797,-3.6370845,59.236618,-8.657604,60.64599,-3.5357957,73.9413,-5.555513,68.32284,-2.406906,88.44432,-13.722256,69.34921,3.2628465,97.20912,-7.1552505,35.466652,2.2042933,79.65038,-6.3492656,108.06514,1.6057239,56.641182,pop
pop.000029.wav,30000.0,0.34375703,0.098390564,0.13081957,0.0049442668,1867.5391045549702,656116.9295922195,2132.494458601058,298138.4773479363,3870.2432638351393,3335359.3751766053,0.0716409122242647,0.003771030521310324,7.805349e-05,0.014750664,-1.6147967e-05,0.0037406068,86.1328125,-161.57689,5828.4155,104.5797,1021.32275,-12.926709,699.5659,16.542557,383.0271,-4.411334,326.60358,6.565697,243.40442,0.1349835,202.82965,6.5806623,184.79184,-4.1425,117.802925,5.822182,160.50716,-0.92834,117.83924,7.3596373,111.759094,-0.6774017,90.090004,1.7469925,93.54179,-4.0498304,81.23122,2.7481093,118.31826,-8.461482,80.81189,8.21131,86.68104,-9.286701,87.43029,3.0941348,86.37557,pop
pop.000012.wav,30000.0,0.33043033,0.0933429,0.29551205,0.02182974,1890.8002591034522,679693.8877377717,2158.3465225785985,399974.8808903787,3943.926151618131,3580585.4819702026,0.07878183654218267,0.004195747368152605,-1.8451414e-05,0.05452753,-0.0015722525,0.03014939,172.265625,-87.498245,13542.924,106.25808,2482.9854,-0.85501826,1072.0724,18.267593,256.4986,2.4449017,205.24081,3.013044,303.70395,-7.8138986,191.47592,9.356224,131.05392,-7.0533957,95.57291,1.9554683,97.31465,-7.782782,104.58327,1.3089663,121.0513,-4.890496,82.61651,5.801907,97.061195,-3.5983195,121.70338,6.4840546,92.6146,0.16473332,100.82071,6.3125463,92.02206,-7.159736,110.54138,-0.6335539,110.05642,pop
pop.000020.wav,30000.0,0.45489952,0.09882442,0.21269545,0.016975695,2066.215864161268,840034.0998872118,2306.7743995889223,285676.90529019496,4489.389519942434,3359789.3166711293,0.08030714855843653,0.004781573505521543,2.3266448e-05,0.018571943,5.4749355e-05,0.027378593,107.666015625,-113.52044,9439.64,92.61233,1568.621,-1.6799985,565.7169,37.27855,416.70236,7.746594,223.10432,12.563493,281.4938,-0.25963175,151.40494,7.743309,142.10152,-2.6757064,140.79369,6.5466723,128.53624,-6.7562466,102.78269,2.8534324,68.46147,-3.8689094,87.59534,3.1773682,60.404522,-3.5264187,62.830574,2.9571471,57.14851,-1.7126862,113.001854,5.4302645,97.7974,-1.9957912,102.44425,6.4144874,92.97608,pop
pop.000008.wav,30000.0,0.291358,0.0944105,0.1336173,0.004376279,2509.9289527876354,1625753.6150927134,2506.082467272309,1192654.1860070992,5691.565583881579,8513662.088900022,0.10507079322271672,0.006123804970182444,6.183513e-06,0.015750384,-2.6496578e-05,0.0028333177,172.265625,-156.93661,10699.386,99.66658,2943.1555,14.835338,668.6088,5.7443056,1248.9373,0.4284271,265.46826,4.080508,254.74385,-3.4837027,189.88148,-3.4812276,257.81955,-3.8156514,182.71507,4.1551976,208.92476,-7.1481705,90.7222,2.5195382,123.1503,-12.132563,115.34501,6.597592,88.43921,-5.437741,78.38429,5.203084,54.92178,-7.3612804,128.07329,6.361719,72.80227,-7.359538,88.40246,0.9917459,62.924416,pop
pop.000014.wav,30000.0,0.20762812,0.086686544,0.06381229,0.0024552718,1150.0670489584681,591538.2068967816,1625.2291261414596,331426.83958087803,1972.1297414679277,3242330.3599002413,0.049941874879063465,0.0016289043374124157,2.6625573e-06,0.005609757,1.531229e-05,0.00028198815,161.4990234375,-338.16586,14313.807,138.3475,1768.7163,39.297607,801.5589,23.662472,300.71487,2.7684977,185.36778,2.225028,89.11258,0.72789013,79.88991,-0.44699067,147.03853,-17.735262,174.81573,-7.798944,145.6614,-3.5021057,86.649254,-4.863087,57.018635,-4.9195414,138.55226,-6.784238,55.70195,-1.8778522,127.33773,6.5867267,150.4599,-2.5894976,213.93631,1.8875067,163.01175,0.36696717,114.25889,-4.6428914,106.16971,pop
reggae.000001.wav,30000.0,0.29777455,0.088185795,0.11430881,0.0013368862,1625.1871616733447,777760.1554888651,1916.1645534648055,658900.3997853915,3438.2208762154123,4602031.698216803,0.07270024066369969,0.0019047261009992932,4.7095127e-06,0.012513531,-9.072243e-06,0.00052602316,103.359375,-190.62054,6800.763,133.75694,2382.0784,9.619856,1587.0087,26.290169,337.232,-4.649529,140.51175,-1.7971184,126.484215,-12.099357,118.17545,-10.672531,154.14609,-15.5262375,59.635853,4.0764146,192.1846,-10.860907,129.75648,-3.9932873,59.047226,-12.970803,61.55881,-7.6621714,58.378223,-14.336899,55.29046,-12.36888,89.29203,-13.943258,53.651176,-4.6432643,116.816246,-8.285141,81.418816,-2.5932431,130.68367,reggae
reggae.000000.wav,30000.0,0.30473316,0.09827066,0.13611592,0.010335403,1832.6546366169564,874166.6157854515,2223.502380315898,410463.6324657414,3917.726310044988,5165266.024441603,0.07172745743034056,0.005016327737273056,5.6250333e-06,0.010107488,2.124407e-05,0.013710173,161.4990234375,-201.68549,12521.799,95.46995,988.9102,8.813058,794.0794,26.120567,262.59683,15.182881,209.00034,-5.421476,330.54776,14.967344,193.20073,1.8145325,154.29182,-27.470444,423.25006,14.15924,213.8485,-12.801982,141.38858,3.4059453,176.34106,-1.6721449,93.959,-5.876995,87.643585,-3.2901733,88.14886,4.0272117,91.8869,-12.954246,81.01778,5.7100863,161.34128,-9.044496,76.30531,0.17623958,83.8646,reggae
reggae.000003.wav,30000.0,0.28105408,0.09120663,0.15233415,0.008738442,1740.743756259505,1299209.2383014814,1726.322701904356,595339.8127084415,3292.780089009288,4229174.106704238,0.08295263520704334,0.005109829338259001,3.442374e-05,0.022197904,-5.1949915e-05,0.0043771593,86.1328125,-176.2386,8853.515,122.968796,2918.5813,-21.310339,778.385,8.135929,277.83795,5.4733987,679.3076,-3.704444,287.9308,-2.2184808,216.86842,1.5119627,361.6398,-9.415205,289.07666,11.357508,157.36214,-8.525608,338.62054,0.74036103,122.334496,-11.479081,167.0044,2.0900133,95.585495,-10.2249365,132.14162,-3.886972,115.41752,-9.619806,119.794266,-3.890959,180.06396,-6.184254,111.82751,2.6049602,176.57335,reggae
reggae.000002.wav,30000.0,0.31783083,0.09819511,0.10240722,0.003740576,873.7494025299015,420227.4455726156,1484.1958441697727,611484.5127139488,1612.5569157556115,3255792.7302145264,0.02823830241389319,0.0004266471968726057,1.6723327e-05,0.005946799,-2.399732e-05,0.004925691,112.34714673913044,-328.73044,10712.426,128.21564,1327.0254,57.029522,902.7897,38.62795,279.64185,15.462676,210.13231,6.4894595,224.86714,1.1468205,158.94196,-2.4153273,86.44172,-4.419079,90.00801,-0.69370294,185.26534,-10.88534,92.55884,-5.3032637,111.22489,-11.411357,72.40157,-4.2471743,95.37896,-8.938381,85.52025,-2.214537,76.69432,-1.4234914,97.71002,4.2230253,130.66551,-0.8765212,90.19655,-0.62337303,97.04405,reggae
rock.000000.wav,30000.0,0.38410982,0.0925516,0.23802783,0.0088747805,2390.7990894645277,485842.0338231754,2059.930956637977,227845.61838054453,4514.356035639996,1716554.2534553336,0.13457892922794118,0.003593565716028778,2.0536441e-05,0.031557333,-3.8147253e-05,0.016145818,123.046875,-48.09445,5829.68,90.89017,1118.3452,-45.098785,580.0295,49.185993,427.02728,1.0399452,245.954,5.747579,130.06235,-5.1189528,130.98038,5.5353785,124.61287,0.076738484,86.423676,0.4300198,103.974915,-8.337382,99.5793,9.787418,198.71626,-13.049596,133.82536,6.018153,153.85529,-14.115666,85.89536,4.9074264,72.47806,-8.922637,50.875023,-7.2391624,62.261055,-6.9717665,68.689705,-4.599199,76.28798,rock
